pagerank,url
0.01162925,http://admfinvp.sharif.ir/
0.01162925,http://aero.sharif.ir/
0.01162925,http://ch.sharif.ir/
0.01162925,http://csprd.sharif.ir/
0.01162925,http://ctw.sharif.ir/
0.01162925,http://daily.sharif.ir/
0.01162925,http://eri.sharif.ir/
0.01162925,http://farhangi.sharif.ir/
0.01162925,http://journal.sharif.ir/
0.01162925,http://language.sharif.ir/
0.01162925,http://mse.sharif.ir/
0.01162925,http://philsci.sharif.ir/
0.01162925,http://physics.sharif.ir/
0.01162925,http://research.sharif.ir/
0.01162925,http://sport.sharif.ir/
0.01162925,http://stu.sharif.ir/
0.01162925,http://tic.sharif.ir/
0.01162925,http://tsc.sharif.ir/
0.01162925,http://vpaa.sharif.ir/
0.01162925,https://ar.sharif.ir/
0.01162925,https://ce.sharif.ir/
0.01162925,https://cis.sharif.ir/
0.01162925,https://civil.sharif.ir/
0.01162925,https://counseling.sharif.ir/
0.01162925,https://en.sharif.ir/
0.01162925,https://ewe.sharif.ir/
0.01162925,https://hamian.sharif.ir/
0.01162925,https://hpc.sharif.ir/
0.01162925,https://ictc.sharif.ir/
0.01162925,https://labs.sharif.ir/
0.01162925,https://mathsci.sharif.ir/
0.01162925,https://mathsci.sharif.ir/%D8%A7%D9%85%DA%A9%D8%A7%D9%86%D8%A7%D8%AA
0.01162925,https://my.sharif.ir/
0.01162925,https://news.sharif.ir/
0.01162925,https://president.sharif.ir/
0.01162925,https://research.sharif.ir/
0.01162925,https://shabestan.sharif.ir/
0.01162925,https://shafaf.sharif.ir/
0.01162925,https://spri.sharif.ir/
0.01162925,https://techpark.sharif.ir/
0.01162925,https://www.che.sharif.ir/
0.01162925,https://www.ee.sharif.ir/
0.01162925,https://www.energy.sharif.ir/
0.01162925,https://www.gsme.sharif.ir/
0.01162925,https://www.ie.sharif.ir/
0.01162925,https://www.library.sharif.ir/
0.01162925,https://www.mech.sharif.ir/
0.01162925,https://www.sharif.ir/research
0.01162925,http://www.sharif.ir/
0.01162925,https://www.sharif.ir/%D8%A2%D8%B4%D9%86%D8%A7%DB%8C%DB%8C-%D8%A8%D8%A7-%D8%AF%D8%A7%D9%86%D8%B4%DA%AF%D8%A7%D9%87
0.01162925,https://www.sharif.ir/%D9%BE%D8%B1%D8%AF%DB%8C%D8%B3-%D9%87%D8%A7
0.01162925,https://www.sharif.ir/%D8%AF%D8%A7%D9%86%D8%B4%DA%A9%D8%AF%D9%87-%D9%87%D8%A7-%D9%88-%D9%85%D8%B1%D8%A7%DA%A9%D8%B2
0.01162925,https://www.sharif.ir/%D9%85%D8%B9%D8%A7%D9%88%D9%86%D8%AA-%D9%87%D8%A7
0.01162925,https://www.sharif.ir/web/international/
0.01162925,https://www.sharif.ir/%D8%A7%D8%B1%D8%AA%D8%A8%D8%A7%D8%B7-%D8%A8%D8%A7-%D9%85%D8%A7
0.01162925,https://www.sharif.ir/%D8%A7%D8%B4%D8%AE%D8%A7%D8%B5-%D9%86%D8%A7%D9%85%D8%B1%D8%AA%D8%A8%D8%B7
0.01162925,https://www.sharif.ir/web/60th
0.01162925,https://www.sharif.ir/education
0.01162925,https://www.sharif.ir/farhangi
0.01162925,https://www.sharif.ir/shariflife
0.01162925,https://www.sharif.ir/%D9%82%D9%88%D8%A7%D9%86%DB%8C%D9%86-%D9%88-%D8%A7%D9%84%DA%AF%D9%88%D9%87%D8%A7%DB%8C-%D8%B4%D8%B1%DB%8C%D9%81
0.01162925,https://www.sharif.ir/%D8%A2%DB%8C%DB%8C%D9%86%E2%80%8C%D9%86%D8%A7%D9%85%D9%87-%D8%AD%D9%81%D8%A7%D8%B8%D8%AA-%D8%A7%D8%B2-%D8%A8%D8%B1%D9%86%D8%AF
0.01162925,https://www.sharif.ir/web/ffsut
0.01162925,https://www.sharif.ir/%D8%B5%DB%8C%D8%A7%D9%86%D8%AA-%D8%A7%D8%B2-%D8%AF%D8%A7%D8%AF%D9%87%E2%80%8C%D9%87%D8%A7
0.01162925,https://www.sharif.ir/safety-and-emergency-instructions
0.01162925,https://www.sharif.ir/picture
0.01162925,https://www.sharif.ir/multmedia
0.01162925,https://www.sharif.ir/%D8%A7%D8%B3%D8%A7%D8%AA%DB%8C%D8%AF1
0.01162925,https://www.sharif.ir/%D8%AF%D8%A7%D9%86%D8%B4%D8%AC%D9%88%DB%8C%D8%A7%D9%861
0.01162925,https://www.sharif.ir/%DA%A9%D8%A7%D8%B1%DA%A9%D9%86%D8%A7%D9%861
0.01162925,https://www.sharif.ir/%D8%A7%D8%B3%D8%A7%D8%AA%DB%8C%D8%AF
0.01162925,https://www.sharif.ir/%DA%A9%D8%A7%D8%B1%DA%A9%D9%86%D8%A7%D9%86
0.01162925,https://www.sharif.ir/%D8%AF%D8%A7%D9%86%D8%B4%D8%AC%D9%88%DB%8C%D8%A7%D9%86
0.01162925,https://www.sharif.ir/fa/web/news/w/%D8%A2%D8%AE%D8%B1%DB%8C%D9%86-%D8%A7%D8%AD%DA%A9%D8%A7%D9%85-%D8%B5%D8%A7%D8%AF%D8%B1%D9%87-68?redirect=%2F
0.01162925,https://www.sharif.ir/documents/47992/0/lv_0_20240107105606+%281%29.mp4/44fb4731-bb0c-8ba2-0bf5-8bc47e985b1c?t=1704603516087
0.01162925,https://www.sharif.ir/%D9%85%D8%AD%DB%8C%D8%B7-%D8%AF%D8%A7%D9%86%D8%B4%DA%AF%D8%A7%D9%87
0.01162925,https://www.sharif.ir/%D8%AA%D8%BA%D8%B0%DB%8C%D9%87-%D8%AF%D8%B1-%D8%B4%D8%B1%DB%8C%D9%81
0.01162925,https://www.sharif.ir/%D8%A7%D9%86%D8%AC%D9%85%D9%86-%D9%87%D8%A7%DB%8C-%D8%AF%D8%A7%D9%86%D8%B4%D8%AC%D9%88%DB%8C%DB%8C
0.01162925,https://www.sharif.ir/%D9%88%D8%B1%D8%B2%D8%B4-%D9%88-%D8%AA%D9%86%D8%AF%D8%B1%D8%B3%D8%AA%DB%8C
0.01162925,https://www.sharif.ir/fa/web/news/w/%D9%86%D8%B3%D8%AE%D9%87-%D9%86%D8%AC%D8%A7%D8%AA-%C2%AB%D8%B4%D8%B1%DB%8C%D9%81%C2%BB?redirect=%2F
0.01162925,https://www.sharif.ir/fa/web/news/article/18690897
0.01162925,https://www.sharif.ir/fa/web/news/article/18691104
0.01162925,https://www.sharif.ir/%D8%AF%D8%A7%D9%86%D8%B4%DA%AF%D8%A7%D9%87%E2%80%8C%D9%87%D8%A7%DB%8C-%D8%A7%DB%8C%D8%B1%D8%A7%D9%86
0.01162925,https://www.sharif.ir/disclaimer
0.01162925,https://www.sharif.ir/about
0.01151410,https://www.sharif.ir/
