src,dst
https://www.sharif.ir/,http://admfinvp.sharif.ir/
https://www.sharif.ir/,http://aero.sharif.ir/
https://www.sharif.ir/,http://ch.sharif.ir/
https://www.sharif.ir/,http://csprd.sharif.ir/
https://www.sharif.ir/,http://ctw.sharif.ir/
https://www.sharif.ir/,http://daily.sharif.ir/
https://www.sharif.ir/,http://eri.sharif.ir/
https://www.sharif.ir/,http://farhangi.sharif.ir/
https://www.sharif.ir/,http://journal.sharif.ir/
https://www.sharif.ir/,http://language.sharif.ir/
https://www.sharif.ir/,http://mse.sharif.ir/
https://www.sharif.ir/,http://philsci.sharif.ir/
https://www.sharif.ir/,http://physics.sharif.ir/
https://www.sharif.ir/,http://research.sharif.ir/
https://www.sharif.ir/,http://sport.sharif.ir/
https://www.sharif.ir/,http://stu.sharif.ir/
https://www.sharif.ir/,http://tic.sharif.ir/
https://www.sharif.ir/,http://tsc.sharif.ir/
https://www.sharif.ir/,http://vpaa.sharif.ir/
https://www.sharif.ir/,http://www.sharif.ir/
https://www.sharif.ir/,https://ar.sharif.ir/
https://www.sharif.ir/,https://ce.sharif.ir/
https://www.sharif.ir/,https://cis.sharif.ir/
https://www.sharif.ir/,https://civil.sharif.ir/
https://www.sharif.ir/,https://counseling.sharif.ir/
https://www.sharif.ir/,https://en.sharif.ir/
https://www.sharif.ir/,https://ewe.sharif.ir/
https://www.sharif.ir/,https://hamian.sharif.ir/
https://www.sharif.ir/,https://hpc.sharif.ir/
https://www.sharif.ir/,https://ictc.sharif.ir/
https://www.sharif.ir/,https://labs.sharif.ir/
https://www.sharif.ir/,https://mathsci.sharif.ir/
https://www.sharif.ir/,https://mathsci.sharif.ir/%D8%A7%D9%85%DA%A9%D8%A7%D9%86%D8%A7%D8%AA
https://www.sharif.ir/,https://my.sharif.ir/
https://www.sharif.ir/,https://news.sharif.ir/
https://www.sharif.ir/,https://president.sharif.ir/
https://www.sharif.ir/,https://research.sharif.ir/
https://www.sharif.ir/,https://shabestan.sharif.ir/
https://www.sharif.ir/,https://shafaf.sharif.ir/
https://www.sharif.ir/,https://spri.sharif.ir/
https://www.sharif.ir/,https://techpark.sharif.ir/
https://www.sharif.ir/,https://www.che.sharif.ir/
https://www.sharif.ir/,https://www.ee.sharif.ir/
https://www.sharif.ir/,https://www.energy.sharif.ir/
https://www.sharif.ir/,https://www.gsme.sharif.ir/
https://www.sharif.ir/,https://www.ie.sharif.ir/
https://www.sharif.ir/,https://www.library.sharif.ir/
https://www.sharif.ir/,https://www.mech.sharif.ir/
https://www.sharif.ir/,https://www.sharif.ir/%D8%A2%D8%B4%D9%86%D8%A7%DB%8C%DB%8C-%D8%A8%D8%A7-%D8%AF%D8%A7%D9%86%D8%B4%DA%AF%D8%A7%D9%87
https://www.sharif.ir/,https://www.sharif.ir/%D8%A2%DB%8C%DB%8C%D9%86%E2%80%8C%D9%86%D8%A7%D9%85%D9%87-%D8%AD%D9%81%D8%A7%D8%B8%D8%AA-%D8%A7%D8%B2-%D8%A8%D8%B1%D9%86%D8%AF
https://www.sharif.ir/,https://www.sharif.ir/%D8%A7%D8%B1%D8%AA%D8%A8%D8%A7%D8%B7-%D8%A8%D8%A7-%D9%85%D8%A7
https://www.sharif.ir/,https://www.sharif.ir/%D8%A7%D8%B3%D8%A7%D8%AA%DB%8C%D8%AF
https://www.sharif.ir/,https://www.sharif.ir/%D8%A7%D8%B3%D8%A7%D8%AA%DB%8C%D8%AF1
https://www.sharif.ir/,https://www.sharif.ir/%D8%A7%D8%B4%D8%AE%D8%A7%D8%B5-%D9%86%D8%A7%D9%85%D8%B1%D8%AA%D8%A8%D8%B7
https://www.sharif.ir/,https://www.sharif.ir/%D8%A7%D9%86%D8%AC%D9%85%D9%86-%D9%87%D8%A7%DB%8C-%D8%AF%D8%A7%D9%86%D8%B4%D8%AC%D9%88%DB%8C%DB%8C
https://www.sharif.ir/,https://www.sharif.ir/%D8%AA%D8%BA%D8%B0%DB%8C%D9%87-%D8%AF%D8%B1-%D8%B4%D8%B1%DB%8C%D9%81
https://www.sharif.ir/,https://www.sharif.ir/%D8%AF%D8%A7%D9%86%D8%B4%D8%AC%D9%88%DB%8C%D8%A7%D9%86
https://www.sharif.ir/,https://www.sharif.ir/%D8%AF%D8%A7%D9%86%D8%B4%D8%AC%D9%88%DB%8C%D8%A7%D9%861
https://www.sharif.ir/,https://www.sharif.ir/%D8%AF%D8%A7%D9%86%D8%B4%DA%A9%D8%AF%D9%87-%D9%87%D8%A7-%D9%88-%D9%85%D8%B1%D8%A7%DA%A9%D8%B2
https://www.sharif.ir/,https://www.sharif.ir/%D8%AF%D8%A7%D9%86%D8%B4%DA%AF%D8%A7%D9%87%E2%80%8C%D9%87%D8%A7%DB%8C-%D8%A7%DB%8C%D8%B1%D8%A7%D9%86
https://www.sharif.ir/,https://www.sharif.ir/%D8%B5%DB%8C%D8%A7%D9%86%D8%AA-%D8%A7%D8%B2-%D8%AF%D8%A7%D8%AF%D9%87%E2%80%8C%D9%87%D8%A7
https://www.sharif.ir/,https://www.sharif.ir/%D9%82%D9%88%D8%A7%D9%86%DB%8C%D9%86-%D9%88-%D8%A7%D9%84%DA%AF%D9%88%D9%87%D8%A7%DB%8C-%D8%B4%D8%B1%DB%8C%D9%81
https://www.sharif.ir/,https://www.sharif.ir/%D9%85%D8%AD%DB%8C%D8%B7-%D8%AF%D8%A7%D9%86%D8%B4%DA%AF%D8%A7%D9%87
https://www.sharif.ir/,https://www.sharif.ir/%D9%85%D8%B9%D8%A7%D9%88%D9%86%D8%AA-%D9%87%D8%A7
https://www.sharif.ir/,https://www.sharif.ir/%D9%88%D8%B1%D8%B2%D8%B4-%D9%88-%D8%AA%D9%86%D8%AF%D8%B1%D8%B3%D8%AA%DB%8C
https://www.sharif.ir/,https://www.sharif.ir/%D9%BE%D8%B1%D8%AF%DB%8C%D8%B3-%D9%87%D8%A7
https://www.sharif.ir/,https://www.sharif.ir/%DA%A9%D8%A7%D8%B1%DA%A9%D9%86%D8%A7%D9%86
https://www.sharif.ir/,https://www.sharif.ir/%DA%A9%D8%A7%D8%B1%DA%A9%D9%86%D8%A7%D9%861
https://www.sharif.ir/,https://www.sharif.ir/about
https://www.sharif.ir/,https://www.sharif.ir/disclaimer
https://www.sharif.ir/,https://www.sharif.ir/documents/47992/0/lv_0_20240107105606+%281%29.mp4/44fb4731-bb0c-8ba2-0bf5-8bc47e985b1c?t=1704603516087
https://www.sharif.ir/,https://www.sharif.ir/education
https://www.sharif.ir/,https://www.sharif.ir/fa/web/news/article/18690897
https://www.sharif.ir/,https://www.sharif.ir/fa/web/news/article/18691104
https://www.sharif.ir/,https://www.sharif.ir/fa/web/news/w/%D8%A2%D8%AE%D8%B1%DB%8C%D9%86-%D8%A7%D8%AD%DA%A9%D8%A7%D9%85-%D8%B5%D8%A7%D8%AF%D8%B1%D9%87-68?redirect=%2F
https://www.sharif.ir/,https://www.sharif.ir/fa/web/news/w/%D9%86%D8%B3%D8%AE%D9%87-%D9%86%D8%AC%D8%A7%D8%AA-%C2%AB%D8%B4%D8%B1%DB%8C%D9%81%C2%BB?redirect=%2F
https://www.sharif.ir/,https://www.sharif.ir/farhangi
https://www.sharif.ir/,https://www.sharif.ir/multmedia
https://www.sharif.ir/,https://www.sharif.ir/picture
https://www.sharif.ir/,https://www.sharif.ir/research
https://www.sharif.ir/,https://www.sharif.ir/safety-and-emergency-instructions
https://www.sharif.ir/,https://www.sharif.ir/shariflife
https://www.sharif.ir/,https://www.sharif.ir/web/60th
https://www.sharif.ir/,https://www.sharif.ir/web/ffsut
https://www.sharif.ir/,https://www.sharif.ir/web/international/
